t,loc_0,loc_1,loc_2,loc_3,loc_4
0,0.218,0.179,0.194,0.212,0.197
1,0.199,0.195,0.2,0.213,0.193
2,0.193,0.215,0.187,0.211,0.194
3,0.213,0.213,0.189,0.194,0.191
4,0.195,0.2,0.208,0.194,0.203
5,0.208,0.206,0.21,0.171,0.205
6,0.215,0.197,0.224,0.185,0.179
7,0.183,0.151,0.38,0.139,0.147
8,0.146,0.124,0.473,0.144,0.113
9,0.171,0.149,0.411,0.149,0.12
10,0.175,0.172,0.345,0.166,0.142
11,0.177,0.181,0.326,0.155,0.161
12,0.195,0.176,0.291,0.166,0.172
13,0.203,0.197,0.254,0.179,0.167
14,0.214,0.176,0.256,0.186,0.168
15,0.21,0.185,0.233,0.192,0.18
16,0.202,0.19,0.216,0.205,0.187
17,0.21,0.181,0.173,0.22,0.216
18,0.19,0.2,0.199,0.208,0.203
19,0.19,0.204,0.199,0.192,0.215
20,0.201,0.174,0.2,0.207,0.218
21,0.187,0.182,0.191,0.234,0.206
22,0.179,0.201,0.221,0.201,0.198
23,0.188,0.206,0.213,0.198,0.195
24,0.193,0.216,0.214,0.197,0.18
25,0.214,0.164,0.198,0.22,0.204
26,0.211,0.236,0.189,0.179,0.185
27,0.212,0.208,0.212,0.194,0.174
28,0.191,0.215,0.182,0.197,0.215
29,0.2,0.204,0.188,0.201,0.207
30,0.208,0.19,0.192,0.203,0.207
31,0.164,0.175,0.349,0.147,0.165
32,0.144,0.154,0.445,0.128,0.129
33,0.155,0.186,0.368,0.156,0.135
34,0.167,0.179,0.317,0.165,0.172
35,0.164,0.204,0.295,0.16,0.177
36,0.188,0.196,0.247,0.194,0.175
37,0.184,0.187,0.238,0.193,0.198
38,0.19,0.196,0.228,0.199,0.187
39,0.187,0.192,0.22,0.215,0.186
40,0.194,0.203,0.201,0.219,0.183
41,0.226,0.196,0.188,0.189,0.201
42,0.218,0.187,0.185,0.219,0.191
43,0.2,0.203,0.189,0.203,0.205
44,0.202,0.215,0.173,0.207,0.203
45,0.217,0.197,0.164,0.203,0.219
46,0.21,0.236,0.182,0.192,0.18
47,0.194,0.187,0.224,0.224,0.171
48,0.198,0.181,0.201,0.205,0.215
49,0.19,0.197,0.187,0.203,0.223
50,0.204,0.193,0.206,0.212,0.185
51,0.192,0.206,0.212,0.191,0.199
52,0.187,0.206,0.21,0.19,0.207
53,0.196,0.188,0.198,0.223,0.195
54,0.2,0.186,0.192,0.212,0.21
55,0.165,0.172,0.328,0.163,0.172
56,0.134,0.143,0.419,0.157,0.147
57,0.149,0.154,0.387,0.159,0.151
58,0.168,0.147,0.352,0.177,0.156
59,0.184,0.162,0.306,0.199,0.149
60,0.17,0.184,0.284,0.193,0.169
61,0.164,0.199,0.268,0.205,0.164
62,0.169,0.231,0.247,0.178,0.175
63,0.151,0.23,0.25,0.193,0.176
64,0.148,0.222,0.264,0.195,0.171
65,0.207,0.188,0.192,0.192,0.221
66,0.201,0.177,0.191,0.22,0.211
67,0.201,0.204,0.192,0.199,0.204
68,0.176,0.207,0.207,0.208,0.202
69,0.175,0.227,0.205,0.21,0.183
70,0.196,0.204,0.18,0.2,0.22
71,0.201,0.196,0.218,0.19,0.195
72,0.198,0.214,0.21,0.182,0.196
73,0.203,0.17,0.208,0.224,0.195
74,0.195,0.207,0.194,0.199,0.205
75,0.182,0.218,0.184,0.226,0.19
76,0.209,0.195,0.217,0.194,0.185
77,0.201,0.204,0.202,0.181,0.212
78,0.185,0.199,0.192,0.206,0.218
79,0.14,0.14,0.369,0.165,0.186
80,0.133,0.122,0.455,0.149,0.141
81,0.145,0.146,0.373,0.169,0.167
82,0.156,0.152,0.327,0.171,0.194
83,0.168,0.175,0.298,0.186,0.173
84,0.182,0.207,0.272,0.171,0.168
85,0.2,0.216,0.244,0.166,0.174
86,0.217,0.214,0.238,0.155,0.176
87,0.212,0.199,0.244,0.157,0.188
88,0.197,0.188,0.247,0.172,0.196
89,0.192,0.189,0.193,0.23,0.196
90,0.228,0.195,0.186,0.213,0.178
91,0.22,0.197,0.205,0.201,0.177
92,0.221,0.208,0.182,0.199,0.19
93,0.193,0.17,0.205,0.214,0.218
94,0.206,0.196,0.206,0.194,0.198
95,0.192,0.227,0.198,0.207,0.176
96,0.205,0.197,0.198,0.199,0.201
97,0.2,0.184,0.224,0.207,0.185
98,0.21,0.201,0.192,0.192,0.205
99,0.202,0.189,0.208,0.206,0.195
100,0.192,0.216,0.187,0.196,0.209
101,0.209,0.187,0.179,0.199,0.226
102,0.183,0.199,0.227,0.196,0.195
103,0.159,0.153,0.383,0.165,0.14
104,0.138,0.144,0.439,0.149,0.13
105,0.141,0.166,0.402,0.157,0.134
106,0.15,0.167,0.361,0.176,0.146
107,0.161,0.183,0.318,0.173,0.165
108,0.179,0.181,0.287,0.173,0.18
109,0.197,0.174,0.27,0.176,0.183
110,0.208,0.184,0.231,0.17,0.207
111,0.221,0.191,0.218,0.182,0.188
112,0.22,0.179,0.228,0.187,0.186
113,0.21,0.177,0.208,0.198,0.207
114,0.208,0.187,0.189,0.212,0.204
115,0.199,0.196,0.195,0.199,0.211
116,0.215,0.211,0.198,0.193,0.183
117,0.198,0.201,0.201,0.201,0.199
118,0.209,0.189,0.214,0.198,0.19
119,0.215,0.215,0.214,0.197,0.159
120,0.2,0.213,0.213,0.2,0.174
121,0.197,0.205,0.189,0.2,0.209
122,0.194,0.215,0.212,0.185,0.194
123,0.209,0.194,0.199,0.195,0.203
124,0.204,0.184,0.211,0.187,0.214
125,0.199,0.214,0.196,0.175,0.216
126,0.205,0.2,0.213,0.193,0.189
127,0.157,0.17,0.356,0.168,0.149
128,0.129,0.124,0.455,0.146,0.146
129,0.149,0.142,0.38,0.154,0.175
130,0.171,0.164,0.342,0.17,0.153
131,0.17,0.181,0.324,0.187,0.138
132,0.161,0.207,0.287,0.195,0.15
133,0.162,0.211,0.25,0.184,0.193
134,0.163,0.217,0.245,0.187,0.188
135,0.168,0.217,0.236,0.181,0.198
136,0.165,0.208,0.225,0.186,0.216
137,0.194,0.179,0.191,0.218,0.218
138,0.212,0.193,0.176,0.225,0.194
139,0.217,0.171,0.181,0.212,0.219
140,0.194,0.181,0.201,0.203,0.221
141,0.201,0.189,0.214,0.2,0.196
142,0.189,0.197,0.194,0.223,0.197
143,0.188,0.219,0.2,0.187,0.206
144,0.188,0.188,0.2,0.218,0.206
145,0.203,0.197,0.193,0.202,0.205
146,0.188,0.217,0.188,0.209,0.198
147,0.204,0.204,0.197,0.194,0.201
148,0.207,0.205,0.185,0.202,0.201
149,0.201,0.212,0.206,0.19,0.191
150,0.192,0.198,0.192,0.205,0.213
151,0.153,0.162,0.346,0.156,0.183
152,0.125,0.148,0.448,0.143,0.136
153,0.146,0.149,0.39,0.164,0.151
154,0.158,0.153,0.365,0.174,0.15
155,0.175,0.149,0.334,0.192,0.15
156,0.185,0.162,0.295,0.22,0.138
157,0.202,0.166,0.295,0.204,0.133
158,0.187,0.208,0.248,0.203,0.154
159,0.209,0.205,0.218,0.2,0.168
160,0.206,0.196,0.23,0.182,0.186
161,0.205,0.204,0.184,0.205,0.202
162,0.205,0.184,0.201,0.214,0.196
163,0.178,0.226,0.214,0.192,0.19
164,0.188,0.203,0.183,0.212,0.214
165,0.202,0.193,0.215,0.194,0.196
166,0.206,0.2,0.205,0.192,0.197
167,0.192,0.212,0.2,0.22,0.176
168,0.192,0.191,0.191,0.225,0.201
169,0.195,0.204,0.193,0.214,0.194
170,0.193,0.215,0.179,0.209,0.204
171,0.225,0.203,0.199,0.199,0.174
172,0.188,0.205,0.207,0.214,0.186
173,0.178,0.217,0.179,0.212,0.214
174,0.185,0.23,0.199,0.198,0.188
175,0.152,0.173,0.351,0.149,0.175
176,0.136,0.158,0.437,0.125,0.144
177,0.154,0.159,0.366,0.138,0.183
178,0.157,0.162,0.329,0.163,0.189
179,0.16,0.177,0.283,0.178,0.202
180,0.17,0.185,0.258,0.175,0.212
181,0.185,0.188,0.226,0.195,0.206
182,0.19,0.193,0.218,0.195,0.204
183,0.181,0.193,0.204,0.206,0.216
184,0.18,0.213,0.209,0.197,0.201
185,0.225,0.173,0.186,0.211,0.205
186,0.207,0.191,0.183,0.208,0.211
187,0.202,0.188,0.21,0.214,0.186
188,0.207,0.214,0.173,0.195,0.211
189,0.199,0.2,0.2,0.178,0.223
190,0.211,0.181,0.191,0.207,0.21
191,0.2,0.188,0.199,0.206,0.207
192,0.206,0.202,0.195,0.207,0.19
193,0.192,0.213,0.202,0.207,0.186
194,0.232,0.184,0.203,0.194,0.187
195,0.21,0.189,0.208,0.2,0.193
196,0.221,0.204,0.169,0.21,0.196
197,0.215,0.197,0.197,0.209,0.182
198,0.217,0.19,0.196,0.209,0.188
199,0.179,0.151,0.347,0.161,0.162
200,0.155,0.146,0.428,0.145,0.126
201,0.168,0.16,0.361,0.167,0.144
202,0.187,0.172,0.305,0.177,0.159
203,0.168,0.201,0.274,0.196,0.161
204,0.189,0.18,0.251,0.19,0.19
205,0.191,0.198,0.233,0.182,0.196
206,0.198,0.214,0.226,0.173,0.189
207,0.19,0.215,0.238,0.177,0.18
208,0.18,0.204,0.211,0.193,0.212
209,0.196,0.201,0.211,0.185,0.207
210,0.212,0.183,0.182,0.212,0.211
211,0.195,0.176,0.199,0.211,0.219
212,0.195,0.191,0.205,0.203,0.206
213,0.2,0.201,0.187,0.208,0.204
214,0.214,0.197,0.195,0.191,0.203
215,0.22,0.2,0.181,0.201,0.198
216,0.172,0.194,0.211,0.217,0.206
217,0.196,0.211,0.196,0.208,0.189
218,0.198,0.197,0.226,0.185,0.194
219,0.194,0.202,0.197,0.206,0.201
220,0.189,0.188,0.196,0.214,0.213
221,0.208,0.207,0.179,0.207,0.199
222,0.183,0.194,0.218,0.205,0.2
223,0.143,0.157,0.374,0.161,0.165
224,0.14,0.121,0.459,0.136,0.144
225,0.14,0.126,0.41,0.159,0.165
226,0.158,0.14,0.369,0.154,0.179
227,0.172,0.152,0.325,0.152,0.199
228,0.176,0.165,0.267,0.19,0.202
229,0.173,0.176,0.271,0.172,0.208
230,0.188,0.201,0.261,0.16,0.19
231,0.193,0.211,0.237,0.168,0.191
232,0.206,0.199,0.227,0.182,0.186
233,0.2,0.206,0.193,0.201,0.2
234,0.228,0.182,0.178,0.207,0.205
235,0.198,0.205,0.208,0.201,0.188
236,0.202,0.196,0.196,0.211,0.195
237,0.211,0.193,0.199,0.203,0.194
238,0.206,0.176,0.187,0.216,0.215
239,0.19,0.218,0.195,0.201,0.196
240,0.175,0.202,0.215,0.187,0.221
241,0.203,0.211,0.201,0.186,0.199
242,0.207,0.204,0.206,0.195,0.188
243,0.217,0.177,0.201,0.197,0.208
244,0.209,0.238,0.197,0.181,0.175
245,0.184,0.214,0.192,0.215,0.195
246,0.193,0.194,0.192,0.214,0.207
247,0.142,0.179,0.34,0.178,0.161
248,0.12,0.133,0.478,0.136,0.133
249,0.138,0.14,0.425,0.151,0.146
250,0.14,0.163,0.374,0.169,0.154
251,0.15,0.154,0.351,0.183,0.162
252,0.164,0.157,0.315,0.188,0.176
253,0.179,0.176,0.283,0.187,0.175
254,0.188,0.17,0.261,0.181,0.2
255,0.177,0.199,0.239,0.199,0.186
256,0.181,0.192,0.246,0.196,0.185
257,0.2,0.205,0.198,0.202,0.195
258,0.222,0.173,0.218,0.199,0.188
259,0.203,0.191,0.194,0.21,0.202
260,0.194,0.185,0.212,0.178,0.231
261,0.196,0.187,0.199,0.196,0.222
262,0.188,0.203,0.195,0.205,0.209
263,0.186,0.216,0.197,0.198,0.203
264,0.2,0.194,0.19,0.219,0.197
265,0.19,0.217,0.179,0.198,0.216
266,0.197,0.192,0.189,0.208,0.214
267,0.179,0.202,0.22,0.191,0.208
268,0.187,0.208,0.204,0.196,0.205
269,0.187,0.196,0.202,0.208,0.207
270,0.198,0.215,0.169,0.202,0.216
271,0.155,0.177,0.338,0.164,0.166
272,0.136,0.143,0.458,0.12,0.143
273,0.17,0.143,0.385,0.134,0.168
274,0.181,0.161,0.319,0.154,0.185
275,0.198,0.166,0.3,0.153,0.183
276,0.208,0.178,0.268,0.172,0.174
277,0.208,0.179,0.237,0.181,0.195
278,0.214,0.185,0.242,0.178,0.181
279,0.214,0.172,0.221,0.189,0.204
280,0.235,0.171,0.208,0.191,0.195
281,0.222,0.187,0.19,0.209,0.192
282,0.232,0.183,0.187,0.221,0.177
283,0.193,0.205,0.206,0.201,0.195
284,0.192,0.195,0.204,0.23,0.179
285,0.201,0.203,0.196,0.205,0.195
286,0.215,0.198,0.185,0.218,0.184
287,0.192,0.197,0.197,0.225,0.189
288,0.207,0.195,0.182,0.206,0.21
289,0.197,0.187,0.204,0.215,0.197
290,0.19,0.19,0.221,0.214,0.185
291,0.205,0.195,0.179,0.213,0.208
292,0.194,0.2,0.19,0.21,0.206
293,0.209,0.204,0.196,0.181,0.21
294,0.207,0.191,0.196,0.221,0.185
295,0.168,0.152,0.36,0.164,0.156
296,0.149,0.121,0.487,0.13,0.113
297,0.15,0.132,0.438,0.155,0.125
298,0.174,0.156,0.36,0.144,0.166
299,0.179,0.16,0.315,0.158,0.188
300,0.18,0.163,0.295,0.179,0.183
301,0.198,0.141,0.278,0.189,0.194
302,0.209,0.155,0.277,0.192,0.167
303,0.21,0.157,0.26,0.199,0.174
304,0.202,0.167,0.245,0.204,0.182
305,0.206,0.195,0.208,0.197,0.194
306,0.199,0.202,0.209,0.206,0.184
307,0.208,0.215,0.206,0.185,0.186
308,0.211,0.209,0.192,0.19,0.198
309,0.192,0.205,0.214,0.208,0.181
310,0.201,0.188,0.212,0.206,0.193
311,0.193,0.218,0.185,0.194,0.21
312,0.211,0.183,0.211,0.191,0.204
313,0.204,0.224,0.193,0.191,0.188
314,0.186,0.19,0.215,0.193,0.216
315,0.189,0.195,0.203,0.206,0.207
316,0.209,0.192,0.208,0.195,0.196
317,0.201,0.22,0.184,0.19,0.205
318,0.2,0.213,0.194,0.198,0.195
319,0.145,0.176,0.384,0.154,0.141
320,0.117,0.137,0.482,0.142,0.122
321,0.134,0.162,0.405,0.142,0.157
322,0.15,0.153,0.371,0.165,0.161
323,0.171,0.163,0.319,0.164,0.183
324,0.168,0.17,0.294,0.164,0.204
325,0.18,0.173,0.273,0.179,0.195
326,0.178,0.18,0.247,0.199,0.196
327,0.189,0.18,0.237,0.208,0.186
328,0.192,0.182,0.221,0.213,0.192
329,0.218,0.184,0.209,0.206,0.183
330,0.214,0.187,0.199,0.191,0.209
331,0.191,0.176,0.219,0.219,0.195
332,0.201,0.204,0.206,0.197,0.192
333,0.193,0.214,0.19,0.206,0.197
334,0.202,0.205,0.204,0.188,0.201
335,0.211,0.21,0.191,0.202,0.186
336,0.192,0.227,0.185,0.2,0.196
337,0.212,0.181,0.205,0.192,0.21
338,0.208,0.223,0.174,0.232,0.163
339,0.188,0.176,0.206,0.214,0.216
340,0.197,0.206,0.218,0.198,0.181
341,0.198,0.196,0.198,0.191,0.217
342,0.201,0.196,0.217,0.206,0.18
343,0.144,0.157,0.365,0.17,0.164
344,0.125,0.123,0.469,0.14,0.143
345,0.142,0.127,0.405,0.17,0.156
346,0.143,0.149,0.347,0.183,0.178
347,0.171,0.17,0.298,0.18,0.181
348,0.17,0.163,0.278,0.186,0.203
349,0.189,0.178,0.259,0.186,0.188
350,0.189,0.201,0.238,0.19,0.182
351,0.187,0.195,0.229,0.204,0.185
352,0.173,0.189,0.215,0.216,0.207
353,0.195,0.183,0.197,0.222,0.203
354,0.205,0.184,0.201,0.198,0.212
355,0.197,0.215,0.19,0.211,0.187
356,0.194,0.213,0.2,0.211,0.182
357,0.21,0.193,0.2,0.21,0.187
358,0.226,0.198,0.205,0.175,0.196
359,0.182,0.217,0.178,0.212,0.211
360,0.198,0.222,0.199,0.183,0.198
361,0.199,0.214,0.182,0.211,0.194
362,0.202,0.185,0.198,0.225,0.19
363,0.214,0.177,0.199,0.203,0.207
364,0.202,0.19,0.195,0.215,0.198
365,0.196,0.209,0.212,0.177,0.206
366,0.223,0.192,0.175,0.206,0.204
367,0.159,0.159,0.338,0.169,0.175
368,0.135,0.14,0.429,0.141,0.155
369,0.132,0.153,0.368,0.177,0.17
370,0.166,0.18,0.299,0.182,0.173
371,0.164,0.203,0.273,0.193,0.167
372,0.183,0.204,0.251,0.196,0.166
373,0.2,0.196,0.246,0.181,0.177
374,0.187,0.18,0.266,0.189,0.178
375,0.204,0.181,0.265,0.169,0.181
376,0.21,0.188,0.256,0.171,0.175
377,0.209,0.198,0.19,0.205,0.198
378,0.212,0.184,0.196,0.199,0.209
379,0.199,0.198,0.204,0.203,0.196
380,0.183,0.198,0.216,0.2,0.203
381,0.206,0.179,0.204,0.208,0.203
382,0.17,0.208,0.196,0.234,0.192
383,0.181,0.205,0.205,0.202,0.207
384,0.219,0.196,0.181,0.199,0.205
385,0.207,0.196,0.214,0.198,0.185
386,0.212,0.211,0.209,0.173,0.195
387,0.193,0.198,0.201,0.198,0.21
388,0.198,0.212,0.216,0.175,0.199
389,0.177,0.219,0.205,0.189,0.21
390,0.21,0.199,0.199,0.184,0.208
391,0.174,0.169,0.345,0.136,0.176
392,0.15,0.139,0.422,0.123,0.166
393,0.17,0.158,0.367,0.141,0.164
394,0.163,0.177,0.331,0.152,0.177
395,0.183,0.165,0.301,0.174,0.177
396,0.173,0.184,0.277,0.173,0.193
397,0.17,0.203,0.251,0.175,0.201
398,0.176,0.206,0.235,0.162,0.221
399,0.187,0.216,0.21,0.17,0.217
400,0.201,0.21,0.204,0.183,0.202
401,0.212,0.199,0.194,0.186,0.209
402,0.213,0.169,0.213,0.224,0.181
403,0.187,0.217,0.193,0.199,0.204
404,0.2,0.189,0.187,0.196,0.228
405,0.192,0.209,0.211,0.186,0.202
406,0.194,0.207,0.214,0.189,0.196
407,0.174,0.22,0.206,0.203,0.197
408,0.212,0.175,0.194,0.203,0.216
409,0.214,0.201,0.182,0.221,0.182
410,0.204,0.204,0.194,0.194,0.204
411,0.191,0.194,0.202,0.195,0.218
412,0.221,0.205,0.189,0.196,0.189
413,0.203,0.199,0.206,0.194,0.198
414,0.174,0.194,0.202,0.24,0.19
415,0.147,0.167,0.363,0.184,0.139
416,0.124,0.131,0.456,0.167,0.122
417,0.142,0.149,0.409,0.174,0.126
418,0.161,0.17,0.358,0.164,0.147
419,0.155,0.193,0.314,0.179,0.159
420,0.153,0.21,0.291,0.171,0.175
421,0.185,0.222,0.271,0.151,0.171
422,0.192,0.22,0.272,0.15,0.166
423,0.192,0.2,0.273,0.168,0.167
424,0.212,0.203,0.255,0.16,0.17
425,0.198,0.195,0.195,0.203,0.209
426,0.229,0.187,0.184,0.2,0.2
427,0.197,0.185,0.205,0.212,0.201
428,0.196,0.208,0.204,0.197,0.195
429,0.215,0.193,0.211,0.195,0.186
430,0.191,0.181,0.208,0.185,0.235
431,0.209,0.203,0.191,0.201,0.196
432,0.183,0.222,0.171,0.224,0.2
433,0.207,0.174,0.198,0.214,0.207
434,0.192,0.201,0.199,0.216,0.192
435,0.207,0.198,0.202,0.209,0.184
436,0.191,0.236,0.188,0.197,0.188
437,0.193,0.191,0.193,0.218,0.205
438,0.183,0.216,0.212,0.201,0.188
439,0.139,0.17,0.373,0.167,0.151
440,0.134,0.133,0.469,0.121,0.143
441,0.16,0.152,0.391,0.151,0.146
442,0.164,0.15,0.362,0.157,0.167
443,0.169,0.17,0.329,0.145,0.187
444,0.179,0.174,0.311,0.143,0.193
445,0.174,0.179,0.289,0.174,0.184
446,0.172,0.184,0.264,0.179,0.201
447,0.178,0.179,0.252,0.2,0.191
448,0.194,0.205,0.233,0.2,0.168
449,0.226,0.186,0.195,0.205,0.188
450,0.246,0.162,0.179,0.204,0.209
451,0.189,0.199,0.192,0.231,0.189
452,0.199,0.202,0.2,0.186,0.213
453,0.208,0.181,0.192,0.19,0.229
454,0.192,0.2,0.198,0.181,0.229
455,0.194,0.192,0.192,0.222,0.2
456,0.195,0.191,0.222,0.183,0.209
457,0.202,0.204,0.207,0.182,0.205
458,0.181,0.182,0.198,0.209,0.23
459,0.2,0.206,0.209,0.211,0.174
460,0.194,0.202,0.206,0.204,0.194
461,0.205,0.186,0.211,0.201,0.197
462,0.204,0.203,0.188,0.184,0.221
463,0.163,0.167,0.342,0.14,0.188
464,0.118,0.155,0.44,0.134,0.153
465,0.131,0.163,0.402,0.152,0.152
466,0.166,0.157,0.361,0.158,0.158
467,0.173,0.187,0.336,0.152,0.152
468,0.2,0.186,0.285,0.163,0.166
469,0.214,0.183,0.255,0.179,0.169
470,0.213,0.169,0.258,0.181,0.179
471,0.215,0.189,0.26,0.168,0.168
472,0.209,0.191,0.262,0.177,0.161
473,0.232,0.201,0.187,0.192,0.188
474,0.209,0.18,0.206,0.208,0.197
475,0.191,0.205,0.201,0.217,0.186
476,0.174,0.208,0.207,0.214,0.197
477,0.193,0.199,0.194,0.202,0.212
478,0.2,0.197,0.195,0.187,0.221
479,0.173,0.204,0.197,0.225,0.201
480,0.204,0.23,0.193,0.187,0.186
481,0.188,0.207,0.212,0.194,0.199
482,0.206,0.18,0.204,0.197,0.213
483,0.207,0.179,0.192,0.203,0.219
484,0.21,0.211,0.2,0.185,0.194
485,0.201,0.202,0.197,0.182,0.218
486,0.203,0.185,0.212,0.2,0.2
487,0.157,0.167,0.343,0.168,0.165
488,0.146,0.138,0.456,0.134,0.126
489,0.171,0.145,0.401,0.148,0.135
490,0.173,0.178,0.357,0.155,0.137
491,0.193,0.174,0.325,0.16,0.148
492,0.211,0.184,0.277,0.167,0.161
493,0.186,0.18,0.284,0.166,0.184
494,0.168,0.205,0.273,0.172,0.182
495,0.173,0.191,0.245,0.19,0.201
496,0.17,0.221,0.216,0.189,0.204
497,0.246,0.19,0.183,0.181,0.2
498,0.194,0.217,0.175,0.206,0.208
499,0.186,0.219,0.199,0.192,0.204
500,0.228,0.18,0.215,0.188,0.189
501,0.188,0.202,0.201,0.201,0.208
502,0.184,0.199,0.213,0.206,0.198
503,0.199,0.216,0.197,0.191,0.197
504,0.196,0.203,0.199,0.206,0.196
505,0.211,0.205,0.206,0.19,0.188
506,0.205,0.204,0.205,0.196,0.19
507,0.199,0.192,0.211,0.204,0.194
508,0.204,0.184,0.211,0.22,0.181
509,0.192,0.21,0.193,0.196,0.209
510,0.209,0.188,0.196,0.208,0.199
511,0.18,0.162,0.35,0.162,0.146
512,0.13,0.159,0.447,0.149,0.115
513,0.155,0.168,0.384,0.145,0.148
514,0.158,0.17,0.359,0.146,0.167
515,0.18,0.176,0.314,0.155,0.175
516,0.185,0.165,0.311,0.161,0.178
517,0.182,0.17,0.288,0.158,0.202
518,0.185,0.181,0.247,0.183,0.204
519,0.182,0.177,0.243,0.197,0.201
520,0.182,0.186,0.237,0.182,0.213
521,0.211,0.178,0.198,0.208,0.205
522,0.214,0.175,0.182,0.218,0.211
523,0.198,0.194,0.211,0.198,0.199
524,0.197,0.182,0.206,0.192,0.223
525,0.208,0.175,0.218,0.207,0.192
526,0.185,0.197,0.206,0.223,0.189
527,0.175,0.204,0.208,0.208,0.205
528,0.202,0.193,0.205,0.209,0.191
529,0.201,0.202,0.204,0.211,0.182
530,0.186,0.207,0.228,0.181,0.198
531,0.213,0.179,0.205,0.201,0.202
532,0.202,0.198,0.211,0.195,0.194
533,0.203,0.203,0.195,0.204,0.195
534,0.205,0.186,0.212,0.199,0.198
535,0.159,0.141,0.366,0.173,0.161
536,0.15,0.121,0.461,0.131,0.137
537,0.148,0.148,0.399,0.144,0.161
538,0.143,0.177,0.351,0.162,0.167
539,0.15,0.191,0.319,0.173,0.167
540,0.166,0.199,0.295,0.171,0.169
541,0.179,0.201,0.267,0.161,0.192
542,0.19,0.215,0.234,0.17,0.191
543,0.22,0.218,0.219,0.164,0.179
544,0.194,0.188,0.229,0.182,0.207
545,0.196,0.186,0.206,0.188,0.224
546,0.222,0.196,0.18,0.183,0.219
547,0.182,0.225,0.191,0.201,0.201
548,0.198,0.191,0.222,0.201,0.188
549,0.204,0.214,0.189,0.177,0.216
550,0.196,0.213,0.188,0.218,0.185
551,0.188,0.19,0.209,0.208,0.205
552,0.206,0.203,0.201,0.199,0.191
553,0.187,0.221,0.209,0.2,0.183
554,0.227,0.199,0.202,0.188,0.184
555,0.206,0.204,0.191,0.205,0.194
556,0.223,0.204,0.199,0.192,0.182
557,0.201,0.2,0.202,0.194,0.203
558,0.203,0.214,0.184,0.203,0.196
559,0.161,0.142,0.372,0.162,0.163
560,0.123,0.126,0.462,0.138,0.151
561,0.135,0.144,0.393,0.165,0.163
562,0.147,0.148,0.341,0.183,0.181
563,0.164,0.162,0.288,0.179,0.207
564,0.177,0.18,0.266,0.174,0.203
565,0.176,0.203,0.236,0.192,0.193
566,0.193,0.215,0.224,0.185,0.183
567,0.209,0.196,0.202,0.205,0.188
568,0.207,0.206,0.188,0.179,0.22
569,0.217,0.2,0.184,0.197,0.202
570,0.192,0.204,0.184,0.205,0.215
571,0.205,0.202,0.179,0.22,0.194
572,0.2,0.194,0.22,0.205,0.181
573,0.229,0.181,0.201,0.197,0.192
574,0.204,0.197,0.173,0.216,0.21
575,0.203,0.21,0.189,0.203,0.195
576,0.201,0.201,0.187,0.214,0.197
577,0.199,0.199,0.202,0.204,0.196
578,0.206,0.18,0.216,0.208,0.19
579,0.212,0.198,0.195,0.206,0.189
580,0.179,0.203,0.228,0.194,0.196
581,0.203,0.192,0.21,0.197,0.198
582,0.199,0.202,0.186,0.188,0.225
583,0.176,0.155,0.337,0.141,0.191
584,0.155,0.133,0.441,0.113,0.158
585,0.158,0.17,0.388,0.117,0.167
586,0.167,0.171,0.352,0.142,0.168
587,0.17,0.169,0.291,0.186,0.184
588,0.179,0.157,0.262,0.198,0.204
589,0.184,0.166,0.24,0.198,0.212
590,0.174,0.174,0.229,0.215,0.208
591,0.185,0.185,0.224,0.195,0.211
592,0.19,0.201,0.22,0.189,0.2
593,0.213,0.186,0.192,0.207,0.202
594,0.237,0.164,0.198,0.223,0.178
595,0.192,0.192,0.198,0.207,0.211
596,0.208,0.199,0.209,0.187,0.197
597,0.201,0.203,0.201,0.196,0.199
598,0.199,0.213,0.172,0.198,0.218
599,0.205,0.195,0.21,0.192,0.198
600,0.181,0.199,0.203,0.211,0.206
601,0.227,0.199,0.205,0.188,0.181
602,0.216,0.211,0.198,0.193,0.182
603,0.196,0.191,0.195,0.226,0.192
604,0.197,0.214,0.209,0.206,0.174
605,0.201,0.204,0.192,0.212,0.191
606,0.21,0.181,0.207,0.197,0.205
607,0.162,0.134,0.386,0.157,0.161
608,0.147,0.137,0.432,0.134,0.15
609,0.166,0.169,0.355,0.141,0.169
610,0.163,0.175,0.313,0.162,0.187
611,0.171,0.181,0.294,0.172,0.182
612,0.172,0.178,0.275,0.182,0.193
613,0.177,0.193,0.246,0.193,0.191
614,0.183,0.193,0.22,0.195,0.209
615,0.199,0.203,0.207,0.196,0.195
616,0.216,0.187,0.218,0.185,0.194
617,0.232,0.203,0.18,0.191,0.194
618,0.196,0.182,0.202,0.205,0.215
619,0.209,0.202,0.198,0.171,0.22
620,0.224,0.212,0.198,0.163,0.203
621,0.214,0.203,0.193,0.192,0.198
622,0.191,0.204,0.201,0.209,0.195
623,0.196,0.191,0.215,0.201,0.197
624,0.176,0.211,0.204,0.2,0.209
625,0.192,0.196,0.212,0.189,0.211
626,0.183,0.2,0.205,0.21,0.202
627,0.177,0.183,0.229,0.206,0.205
628,0.194,0.188,0.206,0.212,0.2
629,0.223,0.202,0.19,0.196,0.189
630,0.2,0.229,0.179,0.192,0.2
631,0.149,0.177,0.371,0.157,0.146
632,0.138,0.146,0.448,0.139,0.129
633,0.15,0.141,0.392,0.162,0.155
634,0.163,0.152,0.347,0.178,0.16
635,0.169,0.18,0.321,0.169,0.161
636,0.176,0.178,0.302,0.178,0.166
637,0.181,0.19,0.281,0.17,0.178
638,0.201,0.176,0.254,0.18,0.189
639,0.212,0.17,0.24,0.194,0.184
640,0.218,0.179,0.248,0.181,0.174
641,0.214,0.175,0.211,0.208,0.192
642,0.187,0.182,0.198,0.215,0.218
643,0.177,0.211,0.191,0.204,0.217
644,0.229,0.195,0.187,0.199,0.19
645,0.191,0.204,0.215,0.197,0.193
646,0.197,0.219,0.187,0.194,0.203
647,0.2,0.206,0.189,0.196,0.209
648,0.193,0.195,0.186,0.205,0.221
649,0.209,0.198,0.171,0.204,0.218
650,0.193,0.189,0.2,0.206,0.212
651,0.204,0.231,0.167,0.216,0.182
652,0.189,0.216,0.189,0.203,0.203
653,0.211,0.185,0.18,0.218,0.206
654,0.215,0.196,0.186,0.211,0.192
655,0.174,0.153,0.345,0.169,0.159
656,0.136,0.136,0.469,0.131,0.128
657,0.152,0.141,0.395,0.156,0.156
658,0.16,0.165,0.332,0.184,0.159
659,0.153,0.177,0.304,0.199,0.167
660,0.183,0.168,0.285,0.199,0.165
661,0.189,0.166,0.26,0.21,0.175
662,0.192,0.163,0.248,0.193,0.204
663,0.19,0.174,0.258,0.195,0.183
664,0.205,0.179,0.23,0.204,0.182
665,0.212,0.184,0.207,0.197,0.2
666,0.191,0.205,0.184,0.205,0.215
667,0.177,0.218,0.212,0.202,0.191
668,0.189,0.189,0.225,0.186,0.211
669,0.189,0.201,0.188,0.203,0.219
670,0.209,0.184,0.198,0.196,0.213
671,0.201,0.196,0.2,0.205,0.198
672,0.197,0.195,0.207,0.203,0.198
673,0.186,0.212,0.203,0.199,0.2
674,0.185,0.2,0.204,0.186,0.225
675,0.187,0.201,0.216,0.188,0.208
676,0.192,0.195,0.19,0.219,0.204
677,0.192,0.198,0.198,0.216,0.196
678,0.203,0.192,0.208,0.209,0.188
679,0.159,0.162,0.364,0.158,0.157
680,0.116,0.152,0.463,0.136,0.133
681,0.131,0.157,0.408,0.142,0.162
682,0.127,0.166,0.363,0.161,0.183
683,0.148,0.168,0.302,0.164,0.218
684,0.153,0.175,0.283,0.193,0.196
685,0.166,0.177,0.248,0.206,0.203
686,0.166,0.195,0.234,0.205,0.2
687,0.17,0.198,0.236,0.19,0.206
688,0.181,0.186,0.218,0.208,0.207
689,0.212,0.196,0.187,0.213,0.192
690,0.225,0.221,0.179,0.174,0.201
691,0.177,0.197,0.216,0.208,0.202
692,0.204,0.206,0.212,0.193,0.185
693,0.2,0.207,0.198,0.201,0.194
694,0.212,0.19,0.186,0.225,0.187
695,0.201,0.194,0.197,0.189,0.219
696,0.201,0.208,0.197,0.195,0.199
697,0.201,0.195,0.216,0.2,0.188
698,0.203,0.195,0.214,0.197,0.191
699,0.2,0.187,0.192,0.227,0.194
700,0.174,0.219,0.187,0.207,0.213
701,0.198,0.209,0.193,0.222,0.178
702,0.187,0.196,0.221,0.215,0.181
703,0.135,0.156,0.392,0.169,0.148
704,0.098,0.123,0.511,0.133,0.135
705,0.126,0.129,0.442,0.152,0.151
706,0.136,0.15,0.391,0.166,0.157
707,0.152,0.146,0.347,0.173,0.182
708,0.179,0.156,0.29,0.186,0.189
709,0.19,0.146,0.275,0.18,0.209
710,0.188,0.168,0.247,0.195,0.202
711,0.209,0.178,0.215,0.203,0.195
712,0.205,0.202,0.216,0.201,0.176
713,0.212,0.199,0.191,0.202,0.196
714,0.224,0.213,0.177,0.2,0.186
715,0.204,0.208,0.202,0.191,0.195
716,0.195,0.235,0.192,0.169,0.209
717,0.218,0.189,0.199,0.202,0.192
718,0.229,0.199,0.192,0.177,0.203
719,0.203,0.196,0.214,0.193,0.194
